Sex,Length,Width,Height,Weight,Non_Shell Weight,Intestine Weight,Shell Weight,Stage of Life
I,0.1634641782686915,0.1771844038932295,0.0241349437896811,1.5759764865324946,0.1874353983735058,0.0946553085725938,0.1456276189950085,Adult
I,0.601825153722524,0.4827962536314258,0.1671068494382159,1.2269257432662473,0.5536052671130437,0.2656843716303034,0.3389520182111523,Adult
M,0.1947424663755169,0.182361330210158,0.0241017404517649,1.925027229798742,0.0720650032406954,0.1540049992729008,0.1449563742958457,Adult
I,0.568100076861262,0.4523356268157129,0.1555846747191079,1.0524003716331236,0.4649745085565218,0.2266078108151517,0.2969447591055761,Adult
M,0.0927681967547983,0.0170808379915911,0.0792547933277492,1.7505018581656184,0.1543078989151528,0.1566627081344621,0.1967537605691961,Adult
I,0.6355502305837859,0.5132568804471387,0.1786290241573239,1.4014511148993711,0.6422360256695656,0.3047609324454551,0.3809592773167284,Adult
M,0.1054386915197183,0.0883992821625587,0.0599980610459849,2.0995526014318657,0.3833867160721858,0.2065796292224784,0.1248011738293304,Adult
F,0.5512375384306311,0.4371053134078564,0.1498235873595539,0.9651376858165618,0.4206591292782609,0.2070695304075758,0.2759411295527881,Adult
I,0.1744247011567143,0.1222213934345681,0.0616924262544261,1.6632391723490567,0.4566905463782471,0.0001437141754487,0.0260823430842639,Child
I,0.6186876921531549,0.4980265670392823,0.1728679367977699,1.3141884290828092,0.5979206463913046,0.2852226520378793,0.3599556477639403,Adult
M,0.63991892589025,0.0703197217236938,0.0357536379808009,2.012289915615304,0.1903275958631712,0.0764979441994934,0.2050666943200028,Adole
I,0.584962615291893,0.4675659402235693,0.1613457620786619,1.1396630574496855,0.5092898878347828,0.2461460912227275,0.3179483886583642,Adult
M,0.325222474903976,0.3209956272831156,0.002735419325842,1.83776454398218,0.1483234271289661,0.0723086049191555,0.076521001352432,Adult
I,0.6524127690144169,0.5284871938549952,0.1843901115168779,1.4887138007159328,0.6865514049478265,0.324299212853031,0.4019629068695164,Adult
M,0.2057618101738638,0.0566890697512381,0.0841144336002861,2.186815287248428,0.1610770439078369,0.0615240079226791,0.0780811502410551,Adole
F,0.5428062692153155,0.4294901567039282,0.1469430436797769,0.9215063429082808,0.3985014396391304,0.1973003902037879,0.265439314776394,Adult
I,0.2292857917236173,0.0754116931103249,0.0413592488183383,1.6196078294407756,0.3581872400894882,0.1219060570903614,0.0222434357038227,Adole
I,0.6102564229378394,0.490411410335354,0.1699873931179929,1.2705570861745283,0.5757629567521741,0.2754535118340913,0.3494538329875463,Adult
M,0.6081303482095564,0.1693387477401672,0.0633688217302441,1.9686585727070232,0.0350256289470089,0.1327771391748296,0.076838513833087,Adult
I,0.5765313460765775,0.4599507835196411,0.1584652183988849,1.0960317145414047,0.4871321981956523,0.2363769510189396,0.3074465738819701,Adult
M,0.1624192987093839,0.1449048140347332,0.0930789722138382,1.7941332010738993,0.3686903050925895,0.1731563963003878,0.1639030791392225,Adult
I,0.6439814997991014,0.5208720371510669,0.1815095678371009,1.445082457807652,0.6643937153086961,0.314530072649243,0.3914610920931224,Adult
M,0.2856829956765434,0.2020649982081833,0.0505796901611613,2.1431839443401466,0.0558430569500092,0.1867209211056933,0.1916942453751747,Adult
I,0.5596688076459465,0.4447204701117846,0.1527041310393309,1.0087690287248428,0.4428168189173914,0.2168386706113637,0.2864429443291821,Adult
M,0.8395938104098983,0.4762202973016569,0.1961974773821775,1.7068705152573376,0.7686281799553374,0.1701352946475804,0.5988018236536422,Adult
I,0.6271189613684705,0.5056417237432105,0.1757484804775469,1.35781977199109,0.620078336030435,0.2949917922416672,0.3704574625403343,Adult
M,0.6588137218505251,0.5314033324910118,0.288350930790462,2.055921258523585,0.847108819631997,0.395198608859383,0.3825959528539475,Adult
I,0.5933938845072084,0.4751810969274976,0.1642263057584389,1.1832944003579664,0.5314475774739132,0.2559152314265155,0.3284502034347582,Adult
M,0.6437565052586072,0.5895566618436678,0.237554482678161,2.028060371548713,0.8960718246996312,0.3270094708385598,0.7960811558353806,Adult
I,0.6608440382297324,0.5361023505589234,0.1872706551966549,1.5323451436242137,0.708709094586957,0.3340683530568189,0.4124647216459104,Adult
M,0.6811071143132528,0.6333073255265166,0.1503863759889192,2.2304466301567087,0.9772677228580704,0.2669645111242573,0.4517931622022207,Adult
F,0.5385906346076578,0.4256825783519641,0.1455027718398884,0.8996906714541404,0.3874225948195652,0.1924158201018939,0.260188407388197,Adult
I,0.8800723976444668,0.6382197703305972,0.2109305337155346,1.5977921579866352,0.5777610940854572,0.4015915653163487,0.5890846860973258,Adult
I,0.6060407883301817,0.4866038319833899,0.1685471212781044,1.2487414147203877,0.5646841119326089,0.2705689417321973,0.3442029255993493,Adult
M,0.8051764618377788,0.430455811788264,0.2681884554794438,1.9468429012528825,0.7223370830400986,0.4963273820107951,0.3526841839349734,Adole
I,0.5723157114689197,0.456143205167677,0.1570249465589964,1.074216043087264,0.476053353376087,0.2314923809170456,0.3021956664937731,Adult
M,0.6577987196477233,0.3110547145133966,0.1872101762138587,1.7723175296197589,0.7675723779341451,0.5047846993370635,0.3897328774760741,Adult
I,0.6397658651914436,0.5170644587991028,0.1800692959972124,1.4232667863535116,0.6533148704891307,0.3096455025473491,0.3862101847049254,Adult
M,0.9313691118051426,0.7280568562862135,0.1400912749857258,2.121368272886006,0.7733711362535614,0.3740495616130731,0.3803352969988989,Child
F,0.5554531730382888,0.4409128917598205,0.1512638591994424,0.9869533572707024,0.4317379740978261,0.2119541005094698,0.2811920369409851,Adult
M,0.7993538342216383,0.7201804573704443,0.1942622460713474,1.6850548438031971,0.6219831152883643,0.6109641900435764,0.4074925761540054,Adult
I,0.6229033267608126,0.5018341453912464,0.1743082086376584,1.3360041005369496,0.6089994912108698,0.2901072221397732,0.3652065551521373,Adult
M,0.7463547812841393,0.549714111089096,0.1937778214774901,2.0341055870694444,0.9313102957089936,0.5056412946751773,0.1582889256290435,Adult
I,0.5891782498995507,0.4713735185755334,0.1627860339185504,1.161478728903826,0.520368732654348,0.2510306613246215,0.3231992960465612,Adult
M,0.6286428565865066,0.3777147973215886,0.2230020131257575,1.8595802154363208,0.8297312759639495,0.478174417912995,0.5008830689713342,Adult
I,0.6566284036220746,0.5322947722069593,0.1858303833567664,1.5105294721700733,0.6976302497673917,0.329183782954925,0.4072138142577134,Adult
M,0.7689973310876731,0.449339153699168,0.1935017136311499,2.2086309587025683,0.9550286150857904,0.5293846407416118,0.4007068617694925,Adole
F,0.5470219038229733,0.4332977350558923,0.1483833155196654,0.9433220143624214,0.4095802844586956,0.2021849603056818,0.2706902221645911,Adult
I,0.1634641782686915,0.1771844038932295,0.0241349437896811,1.6414235008949165,0.1874353983735058,0.0946553085725938,0.1456276189950085,Adult
I,0.6144720575454972,0.4942189886873182,0.1714276649578814,1.2923727576286688,0.5868418015717394,0.2803380819359853,0.3547047403757433,Adult
M,0.1947424663755169,0.182361330210158,0.0241017404517649,1.990474244161164,0.0720650032406954,0.1540049992729008,0.1449563742958457,Adult
I,0.5807469806842352,0.4637583618716052,0.1599054902387734,1.1178473859955451,0.4982110430152175,0.2412615211208336,0.3126974812701672,Adult
M,0.0927681967547983,0.0170808379915911,0.0792547933277492,1.81594887252804,0.1543078989151528,0.1566627081344621,0.1967537605691961,Adult
I,0.6481971344067592,0.5246796155030311,0.1829498396769894,1.4668981292617924,0.6754725601282613,0.319414642751137,0.3967119994813194,Adult
M,0.1054386915197183,0.0883992821625587,0.0599980610459849,2.164999615794287,0.3833867160721858,0.2065796292224784,0.1248011738293304,Adult
I,0.5638844422536042,0.4485280484637488,0.1541444028792194,1.0305847001789832,0.4538956637369566,0.2217232407132577,0.2916938517173791,Adult
M,0.1744247011567143,0.1222213934345681,0.0616924262544261,1.728686186711478,0.4566905463782471,0.0001437141754487,0.0260823430842639,Child
I,0.6313345959761282,0.5094493020951746,0.1771887523174354,1.3796354434452307,0.6311571808500003,0.2998763623435612,0.3757083699285313,Adult
M,0.63991892589025,0.0703197217236938,0.0357536379808009,2.0777369299777257,0.1903275958631712,0.0764979441994934,0.2050666943200028,Adole
I,0.5976095191148663,0.4789886752794617,0.1656665775983274,1.2051100718121068,0.5425264222934785,0.2607998015284094,0.3337011108229553,Adult
M,0.325222474903976,0.3209956272831156,0.002735419325842,1.9032115583446017,0.1483234271289661,0.0723086049191555,0.076521001352432,Adult
I,0.6650596728373901,0.5399099289108875,0.1887109270365434,1.554160815078354,0.7197879394065222,0.3389529231587129,0.4177156290341074,Adult
M,0.2057618101738638,0.0566890697512381,0.0841144336002861,2.252262301610849,0.1610770439078369,0.0615240079226791,0.0780811502410551,Adole
F,0.536482817303829,0.423778789175982,0.1447826359199442,0.8887828357270702,0.3818831724097826,0.1899735350509469,0.2575629536940985,Adult
I,0.2292857917236173,0.0754116931103249,0.0413592488183383,1.586884322259565,0.3581872400894882,0.1219060570903614,0.0222434357038227,Adole
I,0.6039329710263528,0.4847000428074078,0.1678269853581602,1.2378335789933177,0.5591446895228263,0.2681266566812504,0.3415774719052508,Adult
M,0.6081303482095564,0.1693387477401672,0.0633688217302441,1.9359350655258123,0.0350256289470089,0.1327771391748296,0.076838513833087,Adult
I,0.5702078941650909,0.4542394159916949,0.1563048106390522,1.0633082073601938,0.4705139309663044,0.2290500958660987,0.2995702127996746,Adult
M,0.1624192987093839,0.1449048140347332,0.0930789722138382,1.7614096938926886,0.3686903050925895,0.1731563963003878,0.1639030791392225,Adult
I,0.6376580478876148,0.5151606696231208,0.1793491600772682,1.4123589506264411,0.6477754480793482,0.3072032174964021,0.3835847310108269,Adult
M,0.2856829956765434,0.2020649982081833,0.0505796901611613,2.110460437158936,0.0558430569500092,0.1867209211056933,0.1916942453751747,Adult
F,0.5533453557344599,0.4390091025838385,0.1505437232794982,0.976045521543632,0.4261985516880435,0.2095118154585228,0.2785665832468866,Adult
M,0.8395938104098983,0.4762202973016569,0.1961974773821775,1.6741470080761267,0.7686281799553374,0.1701352946475804,0.5988018236536422,Adult
I,0.6207955094569838,0.4999303562152643,0.1735880727177142,1.3250962648098794,0.6034600688010872,0.2876649370888262,0.3625811014580388,Adult
M,0.6588137218505251,0.5314033324910118,0.288350930790462,2.0231977513423742,0.847108819631997,0.395198608859383,0.3825959528539475,Adult
I,0.5870704325957219,0.4694697293995514,0.1620658979986062,1.1505708931767558,0.5148293102445654,0.2485883762736745,0.3205738423524627,Adult
M,0.6437565052586072,0.5895566618436678,0.237554482678161,2.027578917900188,0.8960718246996312,0.3270094708385598,0.7960811558353806,Adult
I,0.6545205863182457,0.5303909830309772,0.1851102474368222,1.499621636443003,0.6920908273576091,0.326741497903978,0.4045883605636149,Adult
M,0.6811071143132528,0.6333073255265166,0.1503863759889192,2.197723122975498,0.9772677228580704,0.2669645111242573,0.4517931622022207,Adult
F,0.5449140865191444,0.4313939458799102,0.1476631795997212,0.9324141786353513,0.404040862048913,0.1997426752547348,0.2680647684704926,Adult
I,0.8800723976444668,0.6382197703305972,0.2109305337155346,1.630515665167846,0.5777610940854572,0.4015915653163487,0.5890846860973258,Adult
I,0.6123642402416684,0.492315199511336,0.1707075290379372,1.2814649219015986,0.5813023791619567,0.2778957968850383,0.3520792866816448,Adult
M,0.8051764618377788,0.430455811788264,0.2681884554794438,1.9795664084340931,0.7223370830400986,0.4963273820107951,0.3526841839349734,Adole
I,0.5786391633804063,0.4618545726956232,0.1591853543188292,1.106939550268475,0.4926716206054349,0.2388192360698866,0.3100720275760686,Adult
M,0.6577987196477233,0.3110547145133966,0.1872101762138587,1.8050410368009693,0.7675723779341451,0.5047846993370635,0.3897328774760741,Adult
I,0.6460893171029303,0.522775826327049,0.1822297037570451,1.4559902935347222,0.6699331377184786,0.31697235770019,0.3940865457872209,Adult
M,0.9313691118051426,0.7280568562862135,0.1400912749857258,2.154091780067217,0.7733711362535614,0.3740495616130731,0.3803352969988989,Child
I,0.5617766249497754,0.4466242592877667,0.1534242669592752,1.019676864451913,0.448356241327174,0.2192809556623107,0.2890683980232806,Adult
M,0.7993538342216383,0.7201804573704443,0.1942622460713474,1.7177783509844078,0.6219831152883643,0.6109641900435764,0.4074925761540054,Adult
I,0.6292267786722993,0.5075455129191926,0.1764686163974912,1.3687276077181605,0.6256177584402177,0.2974340772926142,0.3730829162344328,Adult
M,0.7463547812841393,0.549714111089096,0.1937778214774901,2.066829094250655,0.9313102957089936,0.5056412946751773,0.1582889256290435,Adult
I,0.5955017018110373,0.4770848861034796,0.1649464416783832,1.1942022360850366,0.5369869998836958,0.2583575164774624,0.3310756571288568,Adult
M,0.6286428565865066,0.3777147973215886,0.2230020131257575,1.8923037226175317,0.8297312759639495,0.478174417912995,0.5008830689713342,Adult
I,0.6629518555335612,0.5380061397349054,0.1879907911165991,1.543252979351284,0.7142485169967396,0.3365106381077659,0.4150901753400089,Adult
M,0.7689973310876731,0.449339153699168,0.1935017136311499,2.241354465883779,0.9550286150857904,0.5293846407416118,0.4007068617694925,Adole
F,0.5406984519114867,0.4275863675279461,0.1462229077598327,0.9105985071812106,0.3929620172293478,0.1948581051528409,0.2628138610822955,Adult
I,0.1634641782686915,0.1771844038932295,0.0241349437896811,1.6086999937137054,0.1874353983735058,0.0946553085725938,0.1456276189950085,Adult
I,0.6081486056340105,0.4885076211593719,0.1692672571980487,1.259649250447458,0.5702235343423916,0.2730112267831444,0.3468283792934478,Adult
M,0.1947424663755169,0.182361330210158,0.0241017404517649,1.9577507369799527,0.0720650032406954,0.1540049992729008,0.1449563742958457,Adult
I,0.5744235287727486,0.4580469943436591,0.1577450824789407,1.0851238788143345,0.4815927757858697,0.2339346659679926,0.3048211201878716,Adult
M,0.0927681967547983,0.0170808379915911,0.0792547933277492,1.783225365346829,0.1543078989151528,0.1566627081344621,0.1967537605691961,Adult
I,0.6418736824952725,0.5189682479750849,0.1807894319171566,1.4341746220805818,0.6588542928989134,0.3120877875982961,0.3888356383990239,Adult
M,0.1054386915197183,0.0883992821625587,0.0599980610459849,2.1322761086130764,0.3833867160721858,0.2065796292224784,0.1248011738293304,Adult
F,0.5575609903421176,0.4428166809358026,0.1519839951193867,0.9978611929977724,0.4372773965076088,0.2143963855604168,0.2838174906350836,Adult
M,0.1744247011567143,0.1222213934345681,0.0616924262544261,1.6959626795302674,0.4566905463782471,0.0001437141754487,0.0260823430842639,Child
I,0.6250111440646415,0.5037379345672284,0.1750283445576027,1.3469119362640198,0.6145389136206525,0.2925495071907202,0.3678320088462358,Adult
M,0.63991892589025,0.0703197217236938,0.0357536379808009,2.0450134227965147,0.1903275958631712,0.0764979441994934,0.2050666943200028,Adole
I,0.5912860672033796,0.4732773077515155,0.1635061698384947,1.1723865646308962,0.5259081550641307,0.2534729463755685,0.3258247497406597,Adult
M,0.325222474903976,0.3209956272831156,0.002735419325842,1.8704880511633908,0.1483234271289661,0.0723086049191555,0.076521001352432,Adult
I,0.6587362209259034,0.5341985613829413,0.1865505192767106,1.5214373078971437,0.7031696721771743,0.3316260680058719,0.4098392679518119,Adult
M,0.2057618101738638,0.0566890697512381,0.0841144336002861,2.2195387944296385,0.1610770439078369,0.0615240079226791,0.0780811502410551,Adole
F,0.5491297211268021,0.4352015242318744,0.1491034514396097,0.9542298500894916,0.4151197068684783,0.2046272453566288,0.2733156758586896,Adult
I,0.2292857917236173,0.0754116931103249,0.0413592488183383,1.6523313366219865,0.3581872400894882,0.1219060570903614,0.0222434357038227,Child
I,0.6165798748493261,0.4961227778633002,0.1721478008778257,1.303280593355739,0.592381223981522,0.2827803669869323,0.3573301940698418,Adult
M,0.6081303482095564,0.1693387477401672,0.0633688217302441,2.001382079888234,0.0350256289470089,0.1327771391748296,0.076838513833087,Adult
I,0.582854797988064,0.4656621510475873,0.1606256261587177,1.128755221722615,0.5037504654250001,0.2437038061717805,0.3153229349642657,Adult
M,0.1624192987093839,0.1449048140347332,0.0930789722138382,1.82685670825511,0.3686903050925895,0.1731563963003878,0.1639030791392225,Adult
I,0.650304951710588,0.5265834046790131,0.1836699755969336,1.4778059649888626,0.6810119825380438,0.321856927802084,0.3993374531754179,Adult
M,0.2856829956765434,0.2020649982081833,0.0505796901611613,2.1759074515213577,0.0558430569500092,0.1867209211056933,0.1916942453751747,Adult
I,0.5659922595574332,0.4504318376397308,0.1548645387991637,1.0414925359060534,0.4594350861467392,0.2241655257642047,0.2943193054114776,Adult
M,0.8395938104098983,0.4762202973016569,0.1961974773821775,1.7395940224385482,0.7686281799553374,0.1701352946475804,0.5988018236536422,Adult
I,0.633442413279957,0.5113530912711567,0.1779088882373797,1.390543279172301,0.636696603259783,0.3023186473945082,0.3783338236226299,Adult
M,0.6588137218505251,0.5314033324910118,0.288350930790462,2.088644765704796,0.847108819631997,0.395198608859383,0.3825959528539475,Adult
I,0.5997173364186951,0.4808924644554437,0.1663867135182717,1.216017907539177,0.5480658447032611,0.2632420865793564,0.3363265645170538,Adult
M,0.6437565052586072,0.5895566618436678,0.237554482678161,2.023129068154261,0.8960718246996312,0.3270094708385598,0.7960811558353806,Adult
I,0.667167490141219,0.5418137180868695,0.1894310629564876,1.5650686508054243,0.7253273618163047,0.3413952082096598,0.420341082728206,Adult
M,0.6811071143132528,0.6333073255265166,0.1503863759889192,2.2631701373379194,0.9772677228580704,0.2669645111242573,0.4517931622022207,Adult
F,0.5354289086519145,0.422826894587991,0.1444225679599721,0.8833289178635351,0.3791134612048913,0.1887523925254734,0.2562502268470493,Adult
I,0.8800723976444668,0.6382197703305972,0.2109305337155346,1.58143040439603,0.5777610940854572,0.4015915653163487,0.5890846860973258,Adult
I,0.6028790623744383,0.4837481482194168,0.1674669173981881,1.2323796611297824,0.556374978317935,0.2669055141557769,0.3402647450582015,Adult
M,0.8051764618377788,0.430455811788264,0.2681884554794438,1.9304811476622767,0.7223370830400986,0.4963273820107951,0.3526841839349734,Adole
I,0.5691539855131764,0.4532875214037039,0.1559447426790801,1.0578542894966587,0.4677442197614131,0.2278289533406252,0.2982574859526254,Adult
M,0.6577987196477233,0.3110547145133966,0.1872101762138587,1.7559557760291535,0.7675723779341451,0.5047846993370635,0.3897328774760741,Adult
I,0.6366041392357004,0.5142087750351297,0.178989092117296,1.4069050327629062,0.6450057368744568,0.3059820749709286,0.3822720041637776,Adult
M,0.9313691118051426,0.7280568562862135,0.1400912749857258,2.105006519295401,0.7733711362535614,0.3740495616130731,0.3803352969988989,Child
F,0.5522914470825454,0.4380572079958474,0.1501836553195261,0.9705916036800968,0.4234288404831522,0.2082906729330493,0.2772538563998373,Adult
M,0.7993538342216383,0.7201804573704443,0.1942622460713474,1.6686930902125916,0.6219831152883643,0.6109641900435764,0.4074925761540054,Adult
I,0.6197416008050693,0.4989784616272733,0.173228004757742,1.3196423469463443,0.6006903575961959,0.2864437945633528,0.3612683746109896,Adult
M,0.7463547812841393,0.549714111089096,0.1937778214774901,2.017743833478839,0.9313102957089936,0.5056412946751773,0.1582889256290435,Adult
I,0.5860165239438074,0.4685178348115604,0.1617058300386341,1.1451169753132209,0.5120595990396741,0.247367233748201,0.3192611155054135,Adult
M,0.6286428565865066,0.3777147973215886,0.2230020131257575,1.8432184618457157,0.8297312759639495,0.478174417912995,0.5008830689713342,Adult
I,0.6534666776663313,0.5294390884429863,0.18475017947685,1.494167718579468,0.6893211161527177,0.3255203553785045,0.4032756337165657,Adult
M,0.7689973310876731,0.449339153699168,0.1935017136311499,2.1922692051119625,0.9550286150857904,0.5293846407416118,0.4007068617694925,Adole
F,0.54386017786723,0.4304420512919192,0.1473031116397491,0.926960260771816,0.4012711508440217,0.1985215327292614,0.2667520416234433,Adult
I,0.1634641782686915,0.1771844038932295,0.0241349437896811,1.6250617473043107,0.1874353983735058,0.0946553085725938,0.1456276189950085,Adult
I,0.6113103315897539,0.491363304923345,0.170347461077965,1.2760110040380632,0.5785326679570655,0.2766746543595648,0.3507665598345955,Adult
M,0.1947424663755169,0.182361330210158,0.0241017404517649,1.974112490570558,0.0720650032406954,0.1540049992729008,0.1449563742958457,Adult
I,0.1634641782686915,0.1771844038932295,0.0241349437896811,1.482800477103681,0.1874353983735058,0.0946553085725938,0.1456276189950085,Adult
F,0.5429047032361171,0.5426795729034373,0.1527581312655144,1.5260740599529503,0.8247338614347342,0.3416595668623338,0.3549715038524915,Adult
M,0.1947424663755169,0.182361330210158,0.0241017404517649,1.9089298657264815,0.0720650032406954,0.1540049992729008,0.1449563742958457,Adult
M,0.7355069946096375,0.484510552623273,0.1982831054522859,1.492402737543682,0.5610269291053261,0.2067882197468621,0.5234492208700219,Adult
F,0.0927681967547983,0.0170808379915911,0.0792547933277492,2.221344403327982,0.1543078989151528,0.1566627081344621,0.1967537605691961,Adult
M,0.6492005381842619,0.6379648804756939,0.2285436329417568,1.8824550016679669,0.9338004068761392,0.4705662819161818,0.4699904228727156,Adult
I,0.1054386915197183,0.0883992821625587,0.0599980610459849,1.1977723146804942,0.3833867160721858,0.2065796292224784,0.1248011738293304,Child
M,0.6045167522647,0.5451397079342115,0.1596327943317312,1.7356682236782808,1.046843116516421,0.2156585981662316,0.4715706032663811,Adult
I,0.1744247011567143,0.1222213934345681,0.0616924262544261,2.20845523205881,0.4566905463782471,0.0001437141754487,0.0260823430842639,Child
I,0.7777861894729345,0.5938014557477762,0.2263825284359567,1.6741684385046325,0.565119316556242,0.4379913184177317,0.2813242213322046,Adole
I,0.63991892589025,0.0703197217236938,0.0357536379808009,1.8156925848120224,0.1903275958631712,0.0764979441994934,0.2050666943200028,Adult
M,0.7403949727275072,0.4294438201360892,0.1595745204931052,1.3400083827918443,0.3906729215541394,0.2824972720529395,0.5854456452184725,Adult
M,0.325222474903976,0.3209956272831156,0.002735419325842,1.521307297418677,0.1483234271289661,0.0723086049191555,0.076521001352432,Adult
M,0.5416882844187638,0.5317461934873514,0.2006552539686106,1.7940027702435597,0.5826655838610975,0.332293883049334,0.5832245750047105,Adult
M,0.2057618101738638,0.0566890697512381,0.0841144336002861,2.0078425873065453,0.1610770439078369,0.0615240079226791,0.0780811502410551,Adole
I,0.5699591029497907,0.4415841526032654,0.15265304601558,1.4234504899756275,0.5982066966762953,0.334421706644295,0.4802641852245961,Adult
F,0.2292857917236173,0.0754116931103249,0.0413592488183383,1.4550216197932857,0.3581872400894882,0.1219060570903614,0.0222434357038227,Child
I,0.5987182377302126,0.4406871992827542,0.232783269151699,1.4608697921204867,0.7207439791301622,0.3222078044374574,0.2807330148500774,Adole
M,0.6081303482095564,0.1693387477401672,0.0633688217302441,1.0249139762761774,0.0350256289470089,0.1327771391748296,0.076838513833087,Adult
M,0.7746565086516954,0.6420528671815386,0.2128271174388687,1.783977301131079,0.8658413714668463,0.3323877513031302,0.4840044794484615,Adult
M,0.1624192987093839,0.1449048140347332,0.0930789722138382,1.6361639453459855,0.3686903050925895,0.1731563963003878,0.1639030791392225,Adult
I,0.5392968499897499,0.5326552830256718,0.1619433313700533,1.7880057443675612,1.0625802758528389,0.3114541713131449,0.2862815137356573,Adole
I,0.2856829956765434,0.2020649982081833,0.0505796901611613,1.713295612515886,0.0558430569500092,0.1867209211056933,0.1916942453751747,Adult
I,0.7659898397833904,0.6582961082747613,0.1526583204291909,1.7183314452943612,0.9021324921855584,0.3040287704317466,0.4766252361344206,Adult
I,0.8395938104098983,0.4762202973016569,0.1961974773821775,2.2480636569494266,0.7686281799553374,0.1701352946475804,0.5988018236536422,Child
F,0.7713034118221349,0.4516470623846951,0.1694146271113116,1.2373335840394395,0.4717986913858656,0.2322401854480285,0.3909841603956055,Adult
M,0.6588137218505251,0.5314033324910118,0.288350930790462,1.6520650875586986,0.847108819631997,0.395198608859383,0.3825959528539475,Adult
F,0.7361565317507139,0.5892797562909587,0.1613939395988974,2.021642912472965,0.8544302972303852,0.4801447347673664,0.5524130898918456,Adult
F,0.6437565052586072,0.5895566618436678,0.237554482678161,2.023981015382653,0.8960718246996312,0.3270094708385598,0.7960811558353806,Adult
I,0.6916620729501852,0.4866312184598672,0.2202197279574366,1.648615082833003,0.6223512222371141,0.2067976847443225,0.4415539308405706,Adult
M,0.6811071143132528,0.6333073255265166,0.1503863759889192,1.6989459704494994,0.9772677228580704,0.2669645111242573,0.4517931622022207,Adult
M,0.7365152879337561,0.6470887646590827,0.1685706049197744,1.1737793735858917,0.4487560466624443,0.3770711063391075,0.3362804644548466,Adole
F,0.8800723976444668,0.6382197703305972,0.2109305337155346,1.5904628963229817,0.5777610940854572,0.4015915653163487,0.5890846860973258,Adult
M,0.549778923164367,0.518922631038335,0.2075171917169507,1.7113145639325875,0.8202391007636098,0.3971320499024988,0.4574454425675135,Adult
I,0.8051764618377788,0.430455811788264,0.2681884554794438,1.5832297595528866,0.7223370830400986,0.4963273820107951,0.3526841839349734,Child
M,0.7156704199007644,0.6214100023181579,0.1560961116907604,1.826494868578437,1.0529191033072791,0.2421866003485711,0.5309195111907519,Adult
I,0.6577987196477233,0.3110547145133966,0.1872101762138587,1.6864653900576048,0.7675723779341451,0.5047846993370635,0.3897328774760741,Child
I,0.7461128495582084,0.5234906653975231,0.1633224246290872,1.705746544507358,0.8021033582258773,0.4934631394120025,0.4002744193001829,Child
M,0.9313691118051426,0.7280568562862135,0.1400912749857258,1.946643667393752,0.7733711362535614,0.3740495616130731,0.3803352969988989,Adole
M,0.5876115250579209,0.5204215640333155,0.1709494505644085,1.386725861913547,0.4954708079005999,0.3031962227652616,0.4069379822368356,Adult
I,0.7993538342216383,0.7201804573704443,0.1942622460713474,1.9299159242784,0.6219831152883643,0.6109641900435764,0.4074925761540054,Child
M,0.7363896897417985,0.5372517461142736,0.1982882267525183,2.147880576365321,1.0115216515624008,0.4535474216040399,0.5017635219992602,Adult
M,0.7463547812841393,0.549714111089096,0.1937778214774901,1.619205871963063,0.9313102957089936,0.5056412946751773,0.1582889256290435,Adult
M,0.6585004441507708,0.4816548419523897,0.1731617808092027,2.112692382381531,0.5602236160786966,0.3005984829358194,0.5252499308872245,Adult
M,0.6286428565865066,0.3777147973215886,0.2230020131257575,1.815447309103173,0.8297312759639495,0.478174417912995,0.5008830689713342,Adult
M,0.684402999897421,0.4740506091624227,0.2090361212009626,2.249637905519948,1.0683570169895744,0.4991936850076774,0.4566183182477497,Adult
M,0.7689973310876731,0.449339153699168,0.1935017136311499,1.8987690253420095,0.9550286150857904,0.5293846407416118,0.4007068617694925,Adole
M,0.698618221660955,0.5377917618431683,0.1547691924676124,1.8525133399902247,0.6156386514984402,0.3012972158435177,0.4349776772214515,Adult
I,0.1634641782686915,0.1771844038932295,0.0241349437896811,1.893254949506466,0.1874353983735058,0.0946553085725938,0.1456276189950085,Adult
M,0.5845000869748584,0.4479963026705328,0.1943214856658667,2.0328211198880326,0.436211195824648,0.3290516039071951,0.5308275433391567,Adult
F,0.1947424663755169,0.182361330210158,0.0241017404517649,2.2484240874289165,0.0720650032406954,0.1540049992729008,0.1449563742958457,Adult
M,0.6811073106262003,0.4862102017184516,0.1773056592905048,1.3859569069860365,0.6043689579101401,0.4662623187682549,0.3127991505965906,Adole
I,0.0927681967547983,0.0170808379915911,0.0792547933277492,2.258444080700282,0.1543078989151528,0.1566627081344621,0.1967537605691961,Child
I,0.6250151714179045,0.6212327684564106,0.199653783729077,2.211194813451106,0.5414712021341626,0.3671784666790565,0.3050852592571604,Child
I,0.1054386915197183,0.0883992821625587,0.0599980610459849,1.0111114827051488,0.3833867160721858,0.2065796292224784,0.1248011738293304,Child
I,0.6125509409324044,0.5017249323331259,0.2017837578724326,2.030853253128708,0.9654609043935112,0.4806604740656672,0.583286448954657,Child
I,0.1744247011567143,0.1222213934345681,0.0616924262544261,1.4061069227734224,0.4566905463782471,0.0001437141754487,0.0260823430842639,Child
I,0.6320668211332038,0.4657579010699846,0.2116970359961325,1.4775842599610425,0.6151507696402223,0.2947582855136867,0.5652851787467189,Adult
M,0.63991892589025,0.0703197217236938,0.0357536379808009,1.4244559518375288,0.1903275958631712,0.0764979441994934,0.2050666943200028,Adult
M,0.6318656890059842,0.5768020906242104,0.233280834071375,1.318237355994638,0.4731298066240428,0.3192930057027813,0.5239270870923471,Adult
I,0.325222474903976,0.3209956272831156,0.002735419325842,1.799645574644236,0.1483234271289661,0.0723086049191555,0.076521001352432,Adult
M,0.7371243082167036,0.5025519977024941,0.1876170037477476,1.6957384671749758,1.0851343853772537,0.2479399659147442,0.3382884465719018,Adult
I,0.2057618101738638,0.0566890697512381,0.0841144336002861,1.6177617962786628,0.1610770439078369,0.0615240079226791,0.0780811502410551,Adult
I,0.8033300417745513,0.4709911247864996,0.1484611838117517,1.6539817737417373,0.7924985640555604,0.2776799806986502,0.5735870643124189,Adult
I,0.2292857917236173,0.0754116931103249,0.0413592488183383,1.2487396036549114,0.3581872400894882,0.1219060570903614,0.0222434357038227,Child
I,0.6689499607957413,0.5738302587479821,0.1970217564605555,1.7696218833548327,0.4109996648942715,0.220936842369646,0.4742296248348032,Adult
I,0.6081303482095564,0.1693387477401672,0.0633688217302441,1.2295611878659454,0.0350256289470089,0.1327771391748296,0.076838513833087,Adult
M,0.8027619777486839,0.5927259265567434,0.15420638148655,1.5183837110010892,0.7126674215847542,0.4923284374595504,0.3038937730576165,Adole
I,0.1624192987093839,0.1449048140347332,0.0930789722138382,1.251299809396093,0.3686903050925895,0.1731563963003878,0.1639030791392225,Adole
I,0.6437914712121137,0.6347304667374893,0.1637168038631982,1.2044460256501202,0.6131023804499596,0.211779483290397,0.3415573730203917,Adult
I,0.2856829956765434,0.2020649982081833,0.0505796901611613,1.136954951591964,0.0558430569500092,0.1867209211056933,0.1916942453751747,Adult
I,0.6189391763259684,0.4532487276467055,0.1960245633494837,1.7231739091489249,0.8710673992001996,0.3418522571628446,0.4826084237050338,Adult
M,0.8395938104098983,0.4762202973016569,0.1961974773821775,2.167995226709004,0.7686281799553374,0.1701352946475804,0.5988018236536422,Adult
I,0.7868814438080495,0.6566504984125027,0.1873502948710899,1.6664286986239063,0.5097900545382847,0.4768748016379395,0.5092966459575885,Adult
I,0.6588137218505251,0.5314033324910118,0.288350930790462,2.062486795380129,0.847108819631997,0.395198608859383,0.3825959528539475,Child
I,0.6542231702668492,0.5850053206831474,0.1460480609506144,1.5852159738761429,0.7574597196802715,0.2634497906399272,0.5542610596246558,Adult
I,0.6437565052586072,0.5895566618436678,0.237554482678161,2.03122647681637,0.8960718246996312,0.3270094708385598,0.7960811558353806,Adult
I,0.579970354973947,0.5183322553246899,0.2011219460742919,2.11764273615794,0.8217867674439583,0.4534130130002692,0.4267897537269657,Child
I,0.6811071143132528,0.6333073255265166,0.1503863759889192,1.7208749520094335,0.9772677228580704,0.2669645111242573,0.4517931622022207,Adult
I,0.7415613794766069,0.5619473585219367,0.2274213542988599,1.2178776967941631,0.5043023141592999,0.242627124623444,0.4426894221784219,Adult
I,0.8800723976444668,0.6382197703305972,0.2109305337155346,1.5818078798788189,0.5777610940854572,0.4015915653163487,0.5890846860973258,Adult
F,0.7701070659921601,0.4382300016211488,0.1525899547853651,2.188950627991188,0.6465207089802698,0.2868755370994147,0.4647352702783692,Adult
M,0.8051764618377788,0.430455811788264,0.2681884554794438,1.575119078345313,0.7223370830400986,0.4963273820107951,0.3526841839349734,Adole
M,0.7100367396958398,0.4494839104199726,0.1881217334360436,1.931706750051519,1.00375395965801,0.3237014158802762,0.5851010580037083,Adult
I,0.6577987196477233,0.3110547145133966,0.1872101762138587,1.9656059321985264,0.7675723779341451,0.5047846993370635,0.3897328774760741,Child
I,0.538381173228742,0.4236720767248583,0.1953093244060189,1.4276924896918126,0.4959274749122899,0.4657779543957985,0.3143084840239288,Adult
F,0.9313691118051426,0.7280568562862135,0.1400912749857258,2.128709071260245,0.7733711362535614,0.3740495616130731,0.3803352969988989,Adult
I,0.7419225715883087,0.6314433033241471,0.1813586385285838,2.0808025097242764,0.8371015056267455,0.2134617005840785,0.5300019397495255,Adult
M,0.7993538342216383,0.7201804573704443,0.1942622460713474,1.6583867659026716,0.6219831152883643,0.6109641900435764,0.4074925761540054,Adult
I,0.5967456533201569,0.5207913919637788,0.1553285699303015,2.0751975401144427,0.7518145121678518,0.4052505564285834,0.3477844470240995,Child
I,0.7463547812841393,0.549714111089096,0.1937778214774901,1.611165351647453,0.9313102957089936,0.5056412946751773,0.1582889256290435,Child
F,0.6641732211142262,0.5528562313480215,0.1864199404578417,1.9518641352448225,0.464505328721229,0.4703029407005364,0.4411656906218311,Adult
I,0.6286428565865066,0.3777147973215886,0.2230020131257575,1.8444784900693831,0.8297312759639495,0.478174417912995,0.5008830689713342,Child
M,0.8021299476440507,0.4972541393220178,0.2165223074603363,1.718870650651263,0.7184263774935309,0.4083070590697804,0.5782499495115397,Adult
M,0.7689973310876731,0.449339153699168,0.1935017136311499,1.8959775175054876,0.9550286150857904,0.5293846407416118,0.4007068617694925,Adole
I,0.6794328437407265,0.6581355778341391,0.1703694171009892,1.808972656854141,0.9556636046085648,0.3059974151095502,0.4156982967242755,Adult
M,0.1634641782686915,0.1771844038932295,0.0241349437896811,1.0627711720533597,0.1874353983735058,0.0946553085725938,0.1456276189950085,Adole
F,0.6982832836823418,0.5549270411884337,0.1542587868265682,1.6763494539333643,0.6890507478933632,0.4116459186852302,0.3718766926743864,Adult
I,0.1947424663755169,0.182361330210158,0.0241017404517649,1.67676071762153,0.0720650032406954,0.1540049992729008,0.1449563742958457,Adult
M,0.8006644070421339,0.5506960447370015,0.1882877632737567,2.057556955504234,0.8153038453216869,0.4549555885279289,0.5359721005574483,Adult
M,0.0927681967547983,0.0170808379915911,0.0792547933277492,2.0638721789515806,0.1543078989151528,0.1566627081344621,0.1967537605691961,Adult
I,0.7071157155166408,0.5692807643097015,0.1829345141765221,1.5215855609636983,0.7790264733648846,0.2517427673214837,0.4733510535490104,Adult
M,0.1054386915197183,0.0883992821625587,0.0599980610459849,1.2935711837935546,0.3833867160721858,0.2065796292224784,0.1248011738293304,Child
M,0.7367063586869009,0.4260176753274027,0.1715641065145834,1.9282247591008688,1.0474060966772831,0.3038810929337902,0.5594675491455012,Adult
I,0.1744247011567143,0.1222213934345681,0.0616924262544261,2.2464904850877585,0.4566905463782471,0.0001437141754487,0.0260823430842639,Child
I,0.7968524193159117,0.5722304090020991,0.1501109057876472,1.6371644730582442,0.8455593441627927,0.1972945763391889,0.499294478161666,Adult
M,0.63991892589025,0.0703197217236938,0.0357536379808009,2.2720176862528128,0.1903275958631712,0.0764979441994934,0.2050666943200028,Child
M,0.7584160425333092,0.6323855670188889,0.1833028355251157,2.057365711235984,0.4130782865501191,0.3905213016994673,0.5497418589525801,Adult
M,0.325222474903976,0.3209956272831156,0.002735419325842,1.3392073784175198,0.1483234271289661,0.0723086049191555,0.076521001352432,Adult
M,0.6539043294287609,0.4409394798995871,0.2202450044819203,1.731388093228296,0.6096096567547081,0.5000829333544848,0.3148982364804885,Adult
F,0.2057618101738638,0.0566890697512381,0.0841144336002861,1.4797609916958,0.1610770439078369,0.0615240079226791,0.0780811502410551,Adole
I,0.7007706698151028,0.6071748695298267,0.1506978961278546,2.0679762400124884,0.7162176292953157,0.4283638649085404,0.5741434064031974,Adult
I,0.2292857917236173,0.0754116931103249,0.0413592488183383,0.9555078852004144,0.3581872400894882,0.1219060570903614,0.0222434357038227,Child
I,0.7231846041547256,0.5440341065959491,0.1548136413617916,2.2443798809567808,0.707117781290646,0.4935515003378756,0.5567708920011836,Child
M,0.6081303482095564,0.1693387477401672,0.0633688217302441,1.1153849690433115,0.0350256289470089,0.1327771391748296,0.076838513833087,Adult
M,0.5795262390309615,0.426196304993278,0.1617201044758524,1.6287655528011,0.8506619751855317,0.4565703414562147,0.3164611571697336,Adult
I,0.1624192987093839,0.1449048140347332,0.0930789722138382,1.1789873167490097,0.3686903050925895,0.1731563963003878,0.1639030791392225,Child
I,0.7920851481115042,0.5934484719988102,0.1972782133184863,1.6024121885303415,0.945177888884518,0.198960436103325,0.4475224682883242,Adult
M,0.2856829956765434,0.2020649982081833,0.0505796901611613,1.6491486645601716,0.0558430569500092,0.1867209211056933,0.1916942453751747,Adult
I,0.6515220392433633,0.6177318611042055,0.1836335226079793,1.9432817184487168,1.0290830272870195,0.3902049017227048,0.4966845966924093,Adult
I,0.8395938104098983,0.4762202973016569,0.1961974773821775,1.5575123622926046,0.7686281799553374,0.1701352946475804,0.5988018236536422,Adult
I,0.780680039373426,0.5889537644903696,0.1828234115680203,1.7928648775654183,0.6687044541873034,0.2005707962022683,0.5623260935493888,Adult
M,0.6588137218505251,0.5314033324910118,0.288350930790462,1.656693764595347,0.847108819631997,0.395198608859383,0.3825959528539475,Adult
I,0.778856095792303,0.4990798305800127,0.2273886820166634,2.069937374308988,0.9191290027122104,0.4716169688170108,0.5699995435699252,Child
M,0.6437565052586072,0.5895566618436678,0.237554482678161,2.019240997625351,0.8960718246996312,0.3270094708385598,0.7960811558353806,Adult
F,0.6094247534727437,0.6065898076849049,0.1998831303330464,1.7850350203928196,0.850150778264113,0.4284594698848181,0.2797266099416192,Adult
I,0.6811071143132528,0.6333073255265166,0.1503863759889192,1.697376323636845,0.9772677228580704,0.2669645111242573,0.4517931622022207,Adult
M,0.7715405237403574,0.6370222885417124,0.1543990348632912,1.4480045751673556,0.7797095980779682,0.3112733022827493,0.3340581960780668,Adult
M,0.8800723976444668,0.6382197703305972,0.2109305337155346,2.2253220632947848,0.5777610940854572,0.4015915653163487,0.5890846860973258,Adult
F,0.6001660119735559,0.510599066114214,0.1495356097418512,1.729205346341682,0.8821686913399474,0.3100667623277559,0.5231959920463913,Adult
I,0.8051764618377788,0.430455811788264,0.2681884554794438,1.7183984947061264,0.7223370830400986,0.4963273820107951,0.3526841839349734,Child
I,0.6742394413478888,0.5003487387017298,0.1626376365625207,1.967384343947718,0.7675991948222084,0.2261301239696212,0.2728990844339271,Child
M,0.6577987196477233,0.3110547145133966,0.1872101762138587,1.6710656882189894,0.7675723779341451,0.5047846993370635,0.3897328774760741,Adole
I,0.6093460433108394,0.4274217708872798,0.1994864322912179,2.095204872807781,0.6896217638872708,0.3206788304191614,0.3342518748678849,Child
I,0.9313691118051426,0.7280568562862135,0.1400912749857258,1.808964633138268,0.7733711362535614,0.3740495616130731,0.3803352969988989,Child
M,0.7514754547888861,0.5708439416488043,0.2244113791134661,1.6820416376625364,0.7942804657711877,0.3787231669855299,0.5032082503745021,Adult
I,0.7993538342216383,0.7201804573704443,0.1942622460713474,1.6759893571472069,0.6219831152883643,0.6109641900435764,0.4074925761540054,Adole
I,0.69998073399041,0.4416316257798663,0.1875371122796357,1.5433793434567102,0.8250413886757937,0.3709169739884608,0.3301122678220007,Adole
M,0.7463547812841393,0.549714111089096,0.1937778214774901,1.6176395057392952,0.9313102957089936,0.5056412946751773,0.1582889256290435,Adult
M,0.7361796312793665,0.5465220797860472,0.1679374223142043,1.8624512489583864,1.031644337739969,0.3306928746472399,0.496011605120839,Adult
F,0.6286428565865066,0.3777147973215886,0.2230020131257575,1.8137224138111816,0.8297312759639495,0.478174417912995,0.5008830689713342,Adole
I,0.6973692804299052,0.4722255489105946,0.1607172170947228,1.935989734144229,1.0352591577617294,0.3573760771852575,0.5416705789849192,Adole
I,0.7689973310876731,0.449339153699168,0.1935017136311499,1.887989271443516,0.9550286150857904,0.5293846407416118,0.4007068617694925,Child
F,0.6752348438754057,0.4330179463084075,0.1774498869501749,1.6494329474750102,0.9706556364451144,0.2565700229661209,0.390682786343262,Adole
M,0.1634641782686915,0.1771844038932295,0.0241349437896811,0.9541669872443784,0.1874353983735058,0.0946553085725938,0.1456276189950085,Adole
I,0.6978461925883204,0.5576551202538844,0.1827836409017069,1.754808128167088,0.9862518219012684,0.4763950228628217,0.2649173363991496,Child
I,0.1947424663755169,0.182361330210158,0.0241017404517649,1.204614505162915,0.0720650032406954,0.1540049992729008,0.1449563742958457,Adult
